,genres
0,"[28, 12, 14, 878]"
1,"[28, 12, 14, 878]"
2,"[28, 16, 878]"
3,"[28, 9648, 878, 53]"
4,"[28, 10749, 16]"
5,"[16, 28, 14]"
6,"[28, 12, 35]"
7,"[16, 28, 35]"
8,"[28, 12, 14]"
9,"[28, 12, 14]"
10,"[14, 28]"
11,"[28, 18]"
12,"[14, 28, 12]"
13,"[28, 878, 12]"
14,"[28, 53]"
15,"[12, 28, 878]"
16,"[28, 18, 53]"
17,"[28, 12, 878, 53]"
18,"[28, 12, 878]"
19,"[80, 28, 878]"
20,"[28, 12, 878]"
21,"[878, 28, 53, 12]"
22,"[28, 12, 14]"
23,"[28, 12, 16, 10751, 35]"
24,"[28, 27, 53]"
25,"[878, 28, 12]"
26,"[28, 18]"
27,"[14, 12, 28]"
28,"[27, 14, 28, 878]"
29,"[28, 12, 878, 14]"
30,"[28, 878, 53]"
31,"[18, 28, 53, 10752]"
32,"[80, 35, 28, 12]"
33,"[28, 12, 16, 35, 10751]"
34,"[28, 53, 18]"
35,"[28, 80, 53]"
36,"[28, 12, 14, 878]"
37,"[28, 12, 14]"
38,"[14, 27, 28]"
39,"[28, 12, 16, 35, 14]"
40,"[28, 12, 35, 18, 14, 16]"
41,"[28, 12, 878, 14]"
42,"[878, 14, 28]"
43,"[28, 27, 53]"
44,"[14, 16, 28]"
45,"[28, 16, 12, 35]"
46,"[28, 80, 53]"
47,"[14, 28, 53, 27]"
48,"[28, 878]"
49,"[10752, 28, 36, 53, 18]"
50,"[28, 18, 53, 36]"
51,"[28, 12, 878]"
52,"[28, 18, 53]"
53,"[28, 12, 878]"
54,"[28, 12]"
55,"[28, 12, 878]"
56,"[35, 16, 28, 12]"
57,"[28, 80, 878]"
58,"[28, 80, 53]"
59,"[28, 18, 878]"
60,"[878, 28, 12]"
61,"[12, 18, 28]"
62,"[878, 28, 53]"
63,"[12, 28, 37]"
64,"[28, 12, 53]"
65,"[28, 18]"
66,"[27, 878, 28, 14]"
67,"[28, 35]"
68,"[16, 28, 35, 10751, 878]"
69,"[28, 53, 878]"
70,"[28, 12, 53]"
71,"[28, 12, 878]"
72,"[12, 28, 27]"
73,"[28, 12, 14]"
74,"[28, 14, 35]"
75,"[80, 35, 28]"
76,"[28, 18, 12]"
77,"[53, 28, 35]"
78,"[28, 878, 12]"
79,"[12, 16, 28]"
80,"[28, 16, 12, 35, 14]"
81,"[16, 878, 28]"
82,"[18, 28]"
83,"[28, 16, 80, 18]"
84,"[28, 53]"
85,"[14, 28, 12, 878]"
86,"[12, 878, 28, 9648]"
87,"[28, 35, 9648, 80]"
88,"[16, 878, 28]"
89,"[12, 28, 878]"
90,"[28, 12, 14]"
91,"[28, 80, 53]"
92,"[10751, 12, 16, 28, 14]"
93,"[28, 35]"
94,"[28, 35, 80]"
95,"[28, 12, 35, 10751, 878]"
96,"[16, 14, 28, 12, 18]"
97,"[878, 28, 12]"
98,"[35, 28, 16, 12]"
99,"[28, 18]"
100,"[878, 28, 12]"
101,"[28, 12, 878]"
102,"[12, 10751, 16, 28, 35]"
103,"[28, 12, 878]"
104,"[878, 28, 12, 35]"
105,"[12, 18, 878]"
106,"[28, 53, 80, 12]"
107,"[10751, 16, 12, 35]"
108,"[16, 10751, 12, 18, 35]"
109,"[878, 28, 53, 12]"
110,"[878, 12, 53]"
111,"[12, 28, 16]"
112,"[28, 12, 16, 10751]"
113,"[878, 35, 16, 10751, 12]"
114,"[12, 18, 28]"
115,"[28, 12, 53]"
116,"[12, 28, 878]"
117,"[12, 10751, 9648, 878]"
118,"[28, 12, 878, 53]"
119,"[878, 28, 12]"
120,"[12, 16, 10751]"
121,"[28, 12, 16, 35, 10751]"
122,"[16, 12, 35, 10751, 14]"
123,"[28, 18, 12]"
124,"[12, 878, 10770]"
125,"[28, 12, 14, 10770]"
126,"[18, 12, 878]"
127,"[28, 12, 878]"
128,"[12, 14]"
129,"[28, 12, 53]"
130,"[14, 28, 12, 10751]"
131,"[10751, 10402, 12, 35, 14, 10770]"
132,"[37, 18, 12]"
133,"[28, 12]"
134,"[16, 10751, 12, 35]"
135,"[28, 53, 878, 12]"
136,"[10751, 16, 14, 28, 12]"
137,"[10751, 16, 12, 35]"
138,"[12, 28, 53]"
139,"[10751, 12, 35, 14, 16]"
140,"[12, 27, 35]"
141,"[12, 16, 10751]"
142,"[12, 28, 35, 53, 80]"
143,"[878, 12, 28, 53]"
144,"[28, 12, 80]"
145,"[12, 35, 14, 10751]"
146,"[28, 12, 878]"
147,"[12, 36]"
148,"[12, 35, 878, 10751]"
149,"[12, 28, 53, 80]"
150,"[16, 10751, 12, 35, 14]"
151,"[12, 14, 28, 53, 878]"
152,"[12, 28]"
153,"[12, 10751, 14]"
154,"[16, 12, 10749]"
155,"[12, 35, 10751]"
156,"[27, 53, 12]"
157,"[12, 16, 35, 10751]"
158,"[18, 12, 36]"
159,"[10751, 16, 12]"
160,"[12, 14, 16, 18, 10751]"
161,"[28, 12, 53, 80]"
162,"[16, 10751, 12, 35]"
163,"[12, 28, 878]"
164,"[35, 12, 10751]"
165,"[28, 12, 16, 878, 10751]"
166,"[28, 12, 878]"
167,"[12, 18, 36]"
168,"[878, 28, 12, 16]"
169,"[14, 12, 10751]"
170,"[12, 28, 53]"
171,"[878, 9648, 12]"
172,"[28, 878, 12, 9648]"
173,"[28, 12, 35, 27, 878]"
174,"[28, 12, 53]"
175,"[35, 28, 12]"
176,"[27, 53, 12]"
177,"[12, 18]"
178,"[878, 12, 10751, 14]"
179,"[878, 12, 28]"
180,"[12, 16, 10751]"
181,"[10751, 16, 12]"
182,"[12, 16, 14, 10751]"
183,"[12, 35, 16, 10751]"
184,"[878, 28, 16, 12]"
185,"[12, 878]"
186,"[16, 28, 878]"
187,"[10751, 16, 18]"
188,"[16, 10751, 12, 14]"
189,"[16, 10751, 12]"
190,"[16, 12, 35, 10751]"
191,"[35, 12, 14, 16, 10751]"
192,"[12, 16, 35, 10751, 14]"
193,"[14, 16, 12]"
194,"[14, 28, 12, 16, 35, 10751]"
195,"[16, 10751, 14, 12, 35, 10749]"
196,"[16, 10751]"
197,"[28, 12, 16]"
198,"[16, 10751, 878, 14]"
199,"[14, 12, 16, 10751]"
200,"[10751, 16, 35, 14]"
201,"[12, 16, 10751]"
202,"[16, 35, 10751]"
203,"[16, 12, 35, 10751]"
204,"[28, 16, 14]"
205,"[12, 16, 35, 10751]"
206,"[10751, 16, 14]"
207,"[16, 35, 10751, 12]"
208,"[16, 10751]"
209,"[16, 35, 10751]"
210,"[12, 16, 10751]"
211,"[16, 10751, 12, 35, 14]"
212,"[16, 10751]"
213,"[16, 10751, 12, 35]"
214,"[35, 14, 10751, 10402, 16]"
215,"[16, 10751, 35]"
216,"[16, 12, 35, 10751]"
217,"[12, 14, 16]"
218,"[16, 18]"
219,"[12, 16, 18, 10751]"
220,"[16, 10751, 12, 14]"
221,"[16, 35, 12, 10751]"
222,"[16, 10751]"
223,"[16, 10751, 12, 14, 35]"
224,"[12, 16, 35, 10751, 14]"
225,"[16, 878]"
226,"[16, 10751]"
227,"[28, 12, 18, 14, 16]"
228,"[16, 10751]"
229,"[16, 10751, 12, 878]"
230,"[12, 16, 10751, 14, 878]"
231,"[28, 16, 14, 12]"
232,"[16, 10751, 12, 35]"
233,"[16, 10749, 18]"
234,"[16, 28, 12]"
235,"[10751, 18, 16, 10752, 36, 10749]"
236,"[16, 10751, 12]"
237,"[16, 10751, 14, 12]"
238,"[12, 16, 28, 14]"
239,"[16, 12, 10751]"
240,"[16, 10751, 12, 878]"
241,"[12, 16, 35, 10751]"
242,"[12, 16, 35, 10751]"
243,"[16, 10751]"
244,"[10749, 16, 35]"
245,"[16, 28]"
246,"[10751, 16, 10402]"
247,"[16, 18, 10749]"
248,"[16, 878, 28, 18]"
249,"[28, 16, 878]"
250,"[10751, 16]"
251,"[16, 35, 12, 10751]"
252,"[28, 16, 35]"
253,"[16, 28, 14]"
254,"[16, 18]"
255,"[10751, 35, 16, 12]"
256,"[16, 35, 10751]"
257,"[53, 16, 28, 80]"
258,"[12, 16, 14]"
259,"[14, 16, 18, 878]"
260,"[16, 12, 18, 14, 878]"
261,"[16, 35, 27]"
262,"[16, 10751]"
263,"[28, 16, 878, 80]"
264,"[16, 14, 27, 28]"
265,"[28, 16, 878]"
266,"[16, 35, 12, 10751]"
267,"[14, 16]"
268,"[16, 35, 10751, 9648]"
269,"[16, 10749]"
270,"[16, 10749, 878, 35]"
271,"[12, 16, 14]"
272,"[80, 18, 35]"
273,"[16, 35, 10751]"
274,"[18, 35, 10749]"
275,"[10751, 16, 35, 12]"
276,[35]
277,"[35, 14]"
278,"[16, 12, 10751, 14, 35, 28]"
279,"[16, 10751, 35]"
280,[35]
281,"[35, 10749]"
282,"[35, 10749]"
283,"[12, 35, 878]"
284,[35]
285,"[12, 16, 35, 10751]"
286,"[18, 35]"
287,"[16, 35, 10751, 14]"
288,"[35, 27]"
289,[35]
290,[35]
291,"[80, 28, 35]"
292,[35]
293,"[28, 35, 10751, 12]"
294,"[35, 18]"
295,"[80, 35, 28]"
296,"[28, 35, 80]"
297,"[35, 18, 10749]"
298,"[18, 35]"
299,"[35, 28, 80]"
300,"[28, 35, 80]"
301,"[35, 18, 10749]"
302,"[28, 35, 80, 53]"
303,"[14, 28, 35, 80]"
304,"[28, 35, 14, 10749]"
305,"[28, 35]"
306,"[35, 80]"
307,"[35, 14]"
308,[35]
309,"[27, 35, 14, 53]"
310,"[14, 35, 10751]"
311,"[28, 12, 35]"
312,[35]
313,"[18, 35, 10749]"
314,"[28, 35]"
315,"[80, 12, 28, 35, 53]"
316,"[35, 10749, 18]"
317,"[35, 10749, 18]"
318,[35]
319,"[35, 10749]"
320,"[10751, 16, 12, 35]"
321,[35]
322,"[14, 10751, 35, 16]"
323,[35]
324,"[35, 10751]"
325,"[28, 35]"
326,"[12, 35, 18, 14]"
327,"[28, 35, 878]"
328,"[16, 35, 10751]"
329,[35]
330,"[35, 27]"
331,[35]
332,"[12, 16, 35, 10751, 14]"
333,"[35, 10749]"
334,"[35, 16, 18, 10749]"
335,"[35, 10751]"
336,[35]
337,"[27, 35]"
338,[35]
339,"[35, 10751]"
340,"[35, 16, 10751, 14]"
341,"[18, 35]"
342,"[35, 10749]"
343,"[80, 35, 28]"
344,"[35, 28, 878]"
345,"[28, 16, 12, 35]"
346,"[35, 18, 10749]"
347,"[35, 10402, 10749]"
348,"[27, 35, 10749]"
349,"[28, 35, 878, 16]"
350,"[12, 35, 10749]"
351,"[35, 80]"
352,"[10751, 35, 12, 14]"
353,"[27, 35, 28, 12, 14]"
354,"[35, 80]"
355,"[35, 18, 10749]"
356,"[12, 35, 10751, 878]"
357,"[80, 28, 35]"
358,"[10751, 28, 12, 35]"
359,"[28, 35, 80]"
360,"[14, 27, 35]"
361,"[28, 12, 35]"
362,"[80, 18, 53, 28]"
363,"[28, 80, 18, 53]"
364,"[18, 80, 53]"
365,"[28, 80]"
366,"[18, 80]"
367,"[18, 80]"
368,"[28, 53, 80]"
369,"[80, 28, 53]"
370,"[18, 80]"
371,"[18, 53, 80]"
372,"[28, 53, 80, 18]"
373,"[53, 28, 12, 35, 80]"
374,"[18, 80]"
375,"[80, 18, 53]"
376,"[12, 28, 80, 9648]"
377,"[28, 80]"
378,"[28, 12, 80, 9648, 53]"
379,"[28, 53, 80]"
380,"[80, 18]"
381,"[80, 27, 9648]"
382,"[53, 28, 18, 80]"
383,"[18, 27, 80]"
384,"[18, 80, 35]"
385,"[53, 80, 18, 9648]"
386,"[53, 80, 27]"
387,"[80, 18, 37]"
388,"[80, 9648, 53]"
389,"[28, 80, 18, 53]"
390,"[28, 53, 80, 18]"
391,"[28, 18, 9648, 53, 80]"
392,"[28, 80]"
393,"[53, 80, 18]"
394,"[80, 53, 9648]"
395,"[18, 80]"
396,"[28, 80, 18, 53]"
397,"[10402, 18, 10749, 80]"
398,"[35, 80]"
399,"[28, 53, 80]"
400,"[53, 28, 80]"
401,"[28, 18, 80]"
402,"[28, 80, 53]"
403,"[80, 27, 53]"
404,"[80, 53]"
405,"[80, 18, 53]"
406,"[80, 28, 35]"
407,"[28, 80, 53]"
408,"[18, 28, 80]"
409,"[35, 10402, 10749, 80]"
410,"[28, 53, 80]"
411,"[18, 80]"
412,"[28, 80, 53]"
413,"[28, 80, 53]"
414,"[28, 53, 80]"
415,"[53, 80, 18]"
416,"[18, 53, 80]"
417,"[53, 80, 28]"
418,"[80, 18]"
419,"[80, 18, 53]"
420,"[80, 18]"
421,"[28, 80, 53]"
422,"[28, 80, 53]"
423,"[28, 80]"
424,"[53, 80, 9648]"
425,"[80, 18, 53]"
426,"[80, 18, 9648, 53]"
427,"[80, 18]"
428,"[80, 28, 53]"
429,"[80, 18, 9648]"
430,"[80, 18, 53]"
431,"[10751, 16, 12, 35, 80]"
432,"[35, 80]"
433,"[80, 18, 53]"
434,"[28, 80, 18]"
435,"[80, 53, 27]"
436,"[80, 18, 53]"
437,"[28, 35, 80]"
438,"[28, 80, 18, 53]"
439,"[28, 53, 12, 80]"
440,"[28, 16, 80]"
441,"[18, 80]"
442,"[18, 37, 80]"
443,"[28, 12, 80, 53]"
444,"[28, 80]"
445,"[28, 80, 18, 53]"
446,"[80, 9648, 53]"
447,"[28, 35, 80]"
448,"[80, 18, 10749]"
449,"[80, 18, 53]"
450,"[35, 80, 18]"
451,"[18, 80]"
452,"[35, 28, 80]"
453,"[80, 18, 9648, 53]"
454,"[80, 18, 53]"
455,"[18, 53, 80, 9648]"
456,"[80, 18, 36]"
457,"[80, 18, 9648, 10749, 53]"
458,[99]
459,"[35, 99, 28]"
460,[99]
461,"[99, 28, 12, 53]"
462,[99]
463,[99]
464,[99]
465,[99]
466,"[10402, 99]"
467,[99]
468,[99]
469,"[99, 12]"
470,"[10402, 99, 10751]"
471,[99]
472,[99]
473,"[99, 80]"
474,[99]
475,"[99, 10402]"
476,[99]
477,[99]
478,"[10402, 99]"
479,"[36, 99]"
480,"[99, 18]"
481,"[10402, 99]"
482,[99]
483,"[99, 10402]"
484,"[99, 27, 36]"
485,"[99, 18]"
486,[99]
487,"[99, 10751]"
488,"[10402, 99]"
489,[99]
490,"[10402, 99, 10751]"
491,[99]
492,[99]
493,[99]
494,[99]
495,"[35, 99]"
496,"[99, 18]"
497,"[99, 80]"
498,[99]
499,[99]
500,[99]
501,[99]
502,"[12, 99]"
503,[99]
504,[99]
505,"[10402, 99]"
506,"[99, 10402]"
507,[99]
508,[99]
509,"[10402, 99]"
510,[99]
511,"[99, 16, 18]"
512,[99]
513,"[99, 10752]"
514,[99]
515,[99]
516,"[10402, 99]"
517,[99]
518,[99]
519,"[99, 10402]"
520,[99]
521,"[10751, 99]"
522,[99]
523,[99]
524,"[99, 10770]"
525,[99]
526,[99]
527,[99]
528,[99]
529,[99]
530,"[99, 35]"
531,"[99, 36, 18]"
532,[99]
533,"[99, 18, 36]"
534,[99]
535,"[99, 36]"
536,"[99, 80, 36]"
537,[99]
538,[99]
539,"[18, 99]"
540,[99]
541,"[99, 878]"
542,[99]
543,[99]
544,[99]
545,[99]
546,"[99, 10402]"
547,[99]
548,[99]
549,[99]
550,"[99, 10402]"
551,[99]
552,[99]
553,[99]
554,[99]
555,[99]
556,[99]
557,"[10752, 99]"
558,"[16, 10752, 18]"
559,"[12, 14, 18, 10749]"
560,"[28, 18, 27, 878, 53]"
561,"[10749, 18]"
562,"[28, 12, 18, 10751]"
563,"[35, 18, 10749]"
564,"[80, 18, 53]"
565,"[10749, 18]"
566,"[12, 14, 18, 10749]"
567,"[28, 37, 18, 14, 53]"
568,"[80, 18, 28, 53, 878]"
569,"[18, 878, 53]"
570,"[53, 18]"
571,[18]
572,"[18, 80, 53]"
573,"[18, 53, 9648]"
574,"[14, 18, 80]"
575,"[18, 36, 10752]"
576,"[18, 80]"
577,"[10751, 10770, 35, 18]"
578,"[35, 18]"
579,"[18, 10751, 14, 12]"
580,"[12, 18, 28]"
581,"[35, 10749, 18]"
582,"[18, 10749]"
583,[18]
584,"[35, 18]"
585,"[18, 10751]"
586,"[80, 18, 28]"
587,"[14, 18]"
588,"[10749, 18, 53, 80]"
589,"[878, 18, 53]"
590,"[18, 10749]"
591,"[80, 18, 9648]"
592,"[10751, 14, 878, 18]"
593,"[35, 18]"
594,"[18, 28]"
595,"[18, 35, 10749]"
596,"[16, 878, 28, 18]"
597,[18]
598,"[18, 10749]"
599,"[27, 18, 53]"
600,"[10751, 10770, 12, 35, 18, 14]"
601,"[18, 28, 53, 80]"
602,"[18, 27, 9648, 53]"
603,"[28, 18, 36, 10752]"
604,[18]
605,"[16, 10751, 18, 14]"
606,[18]
607,"[80, 18, 9648, 53]"
608,"[16, 18, 10749]"
609,"[27, 18, 14]"
610,[18]
611,"[28, 10751, 18]"
612,[18]
613,"[18, 10752, 10749]"
614,"[18, 53, 10752]"
615,"[16, 878, 28, 18]"
616,"[18, 53, 27]"
617,"[18, 53]"
618,"[18, 80]"
619,"[35, 18, 10749]"
620,"[12, 18, 28, 10749, 10751]"
621,[18]
622,"[18, 80]"
623,"[28, 18, 53]"
624,"[28, 18, 53]"
625,"[28, 18, 53]"
626,"[18, 10749]"
627,"[35, 10402, 18]"
628,"[18, 28]"
629,"[80, 18]"
630,"[36, 10752, 18, 12]"
631,"[18, 53, 10752]"
632,"[18, 10749]"
633,"[28, 18, 9648, 53]"
634,"[80, 18, 53]"
635,[18]
636,"[27, 36, 18, 53]"
637,"[28, 18, 9648, 53]"
638,"[14, 18, 9648]"
639,"[18, 53, 36, 10752]"
640,"[16, 10751, 14]"
641,"[16, 12, 10751, 35]"
642,"[16, 35, 10751]"
643,"[12, 35, 10751, 14]"
644,"[16, 35, 10751, 14]"
645,"[16, 35, 10751, 12]"
646,"[10749, 10751, 16]"
647,"[10751, 16, 12, 35]"
648,"[16, 35, 10751, 12]"
649,"[14, 16, 10751]"
650,"[16, 14, 10751]"
651,"[28, 35, 10751]"
652,"[10751, 35, 14]"
653,"[35, 10751, 12, 10749]"
654,"[10751, 12, 16, 35]"
655,"[16, 35, 10751]"
656,"[14, 16, 10751]"
657,"[35, 10751]"
658,"[14, 35, 10751, 10749]"
659,"[35, 18, 10751, 10402, 10749]"
660,"[14, 16, 10749, 10751]"
661,"[12, 14, 10751]"
662,"[16, 35, 10751, 14]"
663,"[28, 12, 35, 10751]"
664,"[12, 14, 28, 35, 10751]"
665,"[35, 10751, 12]"
666,"[16, 35, 10751, 12, 14]"
667,"[16, 10751]"
668,"[16, 35, 10751]"
669,"[16, 28, 10751, 878]"
670,"[35, 10751, 16, 14, 10402]"
671,"[28, 878, 12, 35, 10751]"
672,"[12, 10751, 14, 878, 53, 28]"
673,"[16, 10751, 35, 878]"
674,"[35, 10749, 18, 10751, 10402]"
675,"[28, 12, 35, 10751, 14]"
676,"[35, 10751]"
677,"[12, 10751, 14]"
678,"[16, 10751]"
679,"[12, 14, 16, 28, 10751, 10749]"
680,"[35, 10751, 12, 16]"
681,"[10751, 35, 16]"
682,"[35, 10751]"
683,"[878, 16, 28, 12, 10751]"
684,"[10751, 35, 878, 12, 16]"
685,"[35, 10751, 12, 14, 10749]"
686,"[35, 10751]"
687,"[35, 18, 10751, 10749]"
688,"[12, 16, 35, 10751]"
689,"[16, 10751, 12, 35]"
690,"[35, 18, 10751]"
691,"[10751, 16]"
692,"[16, 878, 10751]"
693,"[10751, 16, 12, 14]"
694,"[10751, 14, 28, 12, 35]"
695,"[12, 16, 35, 10751]"
696,"[12, 10751, 14]"
697,"[10751, 12, 16, 14]"
698,"[12, 35, 878, 10751]"
699,"[16, 35, 10751]"
700,"[12, 14, 16, 10751]"
701,"[12, 35, 10751]"
702,"[10751, 35]"
703,"[12, 16, 35, 10751]"
704,"[35, 10751]"
705,"[12, 35, 10751, 14, 878]"
706,"[35, 10751, 12]"
707,"[10751, 16, 35]"
708,"[10770, 16, 10751, 35]"
709,"[10751, 9648, 16, 35, 28, 14]"
710,"[12, 16, 10751]"
711,"[18, 10751]"
712,"[12, 14, 16, 10751]"
713,"[878, 35, 10751, 14]"
714,"[16, 10751, 12, 35, 878]"
715,"[35, 10751, 9648, 80, 12, 28]"
716,"[10751, 16]"
717,"[12, 10751, 14]"
718,"[16, 10751]"
719,"[12, 14]"
720,"[12, 14, 10751]"
721,"[14, 28]"
722,"[14, 18, 10749]"
723,"[12, 14, 28]"
724,"[10749, 14, 16]"
725,"[12, 10751, 14]"
726,"[14, 12, 16, 35, 10751]"
727,"[12, 28, 14]"
728,"[14, 28, 27]"
729,"[14, 16, 10751]"
730,"[35, 10751, 14, 10749]"
731,"[12, 10751, 14]"
732,"[12, 28, 14]"
733,"[35, 18, 10751, 14, 878]"
734,"[14, 28, 878, 53, 27]"
735,"[35, 10751, 14, 16]"
736,"[18, 14, 10749]"
737,"[28, 80, 14]"
738,"[16, 12, 14]"
739,"[14, 35, 10751, 12]"
740,"[14, 28, 53]"
741,"[14, 9648, 53]"
742,"[14, 10749, 10751, 35]"
743,"[16, 14, 10751]"
744,"[14, 18, 10752]"
745,"[12, 28, 14]"
746,"[14, 18, 53, 9648, 10749]"
747,"[10751, 12, 14, 18]"
748,"[14, 35]"
749,"[16, 10751, 12, 14]"
750,"[14, 53, 9648]"
751,"[14, 28, 878]"
752,"[14, 28, 53, 878, 9648]"
753,"[16, 28, 12, 14, 878]"
754,"[28, 16, 14]"
755,"[14, 28, 53]"
756,"[14, 28, 53, 878]"
757,"[28, 16, 14, 18]"
758,"[28, 12, 14]"
759,"[35, 18, 14]"
760,"[12, 14, 28, 35, 53]"
761,"[12, 16, 35, 14, 10751]"
762,"[28, 12, 9648, 14]"
763,"[12, 28, 18, 14]"
764,"[10751, 12, 14]"
765,"[28, 53, 14]"
766,"[28, 12, 14]"
767,"[12, 14, 10751]"
768,"[14, 28, 12, 10751]"
769,"[14, 27]"
770,"[14, 35, 10751]"
771,"[18, 14, 878, 53]"
772,"[27, 878, 14, 9648, 53]"
773,"[16, 9648, 35, 10751, 12, 14, 10402]"
774,"[10770, 53, 16, 80, 18, 14]"
775,"[10751, 12, 16, 14, 28]"
776,"[14, 18, 53, 10749]"
777,"[10751, 12, 16, 14, 28, 878]"
778,"[35, 14, 27]"
779,"[28, 12, 14, 10752]"
780,"[28, 14, 27, 9648]"
781,"[28, 14, 27]"
782,"[12, 14]"
783,"[14, 12, 35, 10751]"
784,"[12, 10751, 14, 35, 10749]"
785,"[10751, 16, 14, 35, 28]"
786,"[12, 14]"
787,"[18, 10749, 14]"
788,"[16, 18, 9648, 878, 53, 14]"
789,"[28, 12, 14, 878]"
790,"[10751, 16, 35, 14]"
791,"[14, 27]"
792,"[12, 14, 10749, 10751]"
793,"[18, 27, 9648, 14]"
794,"[27, 14]"
795,"[14, 18, 878, 10749]"
796,"[35, 14, 10749]"
797,"[28, 12, 35, 18, 14]"
798,"[12, 36, 10752]"
799,"[28, 10752, 36, 10749, 18]"
800,"[28, 36, 10752]"
801,"[18, 28, 10752, 36]"
802,"[18, 36, 10752, 28]"
803,"[12, 10752, 36, 28]"
804,"[18, 36, 10749]"
805,"[18, 36, 80]"
806,"[10752, 36, 28, 12, 18, 10749]"
807,"[18, 36]"
808,"[18, 10749, 36]"
809,"[28, 12, 18, 36, 10749, 10752]"
810,"[18, 36]"
811,"[12, 27, 28, 36]"
812,"[18, 36, 12]"
813,"[18, 36]"
814,"[28, 16, 36]"
815,"[18, 36, 10752]"
816,"[18, 53, 36]"
817,"[18, 36]"
818,"[36, 12, 10752, 28]"
819,"[10752, 18, 36]"
820,"[18, 36, 10752]"
821,"[36, 18, 10402]"
822,"[18, 36]"
823,"[18, 36, 10752]"
824,"[36, 18, 53, 80, 9648]"
825,"[28, 12, 18, 36]"
826,"[18, 36]"
827,"[18, 36]"
828,"[18, 28, 36, 53]"
829,"[28, 12, 18, 36, 10749, 10752]"
830,"[18, 36]"
831,"[18, 36, 53]"
832,"[18, 36, 10752]"
833,"[35, 18, 36]"
834,"[10749, 18, 36]"
835,"[28, 18, 36, 10752]"
836,"[18, 10749, 36]"
837,"[18, 36, 10752]"
838,"[28, 18, 36]"
839,"[36, 10749, 18]"
840,"[18, 36, 10749]"
841,"[18, 36, 10749]"
842,"[18, 36]"
843,"[18, 53, 80, 36]"
844,"[10752, 28, 18, 36, 53]"
845,"[12, 28, 36, 10752]"
846,"[10752, 28, 18, 36]"
847,"[18, 36]"
848,"[80, 18, 36]"
849,"[18, 36]"
850,"[36, 35]"
851,"[18, 10752, 10749, 36]"
852,"[18, 36]"
853,"[28, 18, 36, 10752]"
854,"[18, 36]"
855,"[28, 18, 36, 10752]"
856,"[10752, 18, 36]"
857,"[18, 36, 10752]"
858,"[18, 36]"
859,"[18, 36, 10752]"
860,"[37, 18, 36, 10770]"
861,"[14, 18, 36]"
862,"[18, 36, 10749]"
863,"[18, 10749, 36]"
864,"[16, 18, 10751, 36]"
865,"[99, 36, 10752]"
866,"[18, 36, 10752]"
867,"[10752, 18, 36]"
868,"[35, 18, 36]"
869,"[35, 10752, 36]"
870,"[99, 36]"
871,"[36, 37]"
872,"[18, 36]"
873,"[99, 36]"
874,"[18, 36]"
875,"[36, 18]"
876,"[12, 28, 18, 36]"
877,"[12, 18, 10770, 36]"
878,"[36, 18]"
879,"[28, 36]"
880,"[99, 35, 36]"
881,"[35, 18, 36]"
882,"[18, 36]"
883,"[99, 18, 36]"
884,"[18, 10749, 36]"
885,"[28, 12, 18, 36, 10752]"
886,"[10752, 36]"
887,"[18, 36]"
888,"[18, 36]"
889,"[18, 36]"
890,"[36, 18, 28, 10752]"
891,"[18, 36]"
892,"[18, 10752, 36]"
893,"[35, 99, 18, 36]"
894,"[36, 18, 10749]"
895,"[28, 80, 18, 36]"
896,"[18, 36]"
897,[27]
898,"[27, 9648, 80]"
899,"[27, 53]"
900,"[27, 53]"
901,"[27, 35]"
902,"[27, 53]"
903,"[27, 9648]"
904,[27]
905,"[27, 53, 80]"
906,"[27, 9648]"
907,"[27, 35]"
908,"[80, 18, 27, 53]"
909,[27]
910,"[27, 9648]"
911,"[27, 53]"
912,[27]
913,"[27, 9648, 53]"
914,"[27, 9648]"
915,"[14, 27, 9648, 53]"
916,"[27, 18, 878]"
917,"[18, 27, 9648]"
918,[27]
919,"[10752, 18, 27]"
920,"[27, 53]"
921,"[27, 35]"
922,[27]
923,"[18, 27, 878, 53]"
924,"[27, 9648, 53]"
925,"[27, 53]"
926,"[27, 9648]"
927,"[27, 878]"
928,[27]
929,"[27, 53]"
930,"[14, 27, 53]"
931,"[27, 53]"
932,"[28, 80, 53, 27]"
933,"[28, 27, 878]"
934,"[27, 53]"
935,"[12, 27]"
936,"[27, 878, 53]"
937,[27]
938,"[27, 53]"
939,"[27, 53]"
940,"[27, 53]"
941,"[27, 9648, 53]"
942,"[18, 27, 53]"
943,"[53, 27]"
944,"[12, 27]"
945,[27]
946,"[28, 12, 27, 53]"
947,[27]
948,"[27, 53]"
949,"[27, 53]"
950,"[27, 53]"
951,"[27, 9648, 878]"
952,"[18, 27, 80]"
953,[27]
954,"[18, 9648, 27]"
955,"[27, 878, 53]"
956,"[14, 27]"
957,[27]
958,"[27, 16, 18]"
959,"[18, 27, 53]"
960,"[27, 53]"
961,"[27, 53]"
962,"[53, 27]"
963,"[35, 27]"
964,[27]
965,"[27, 9648, 53, 18]"
966,"[27, 53]"
967,"[14, 28, 27]"
968,"[10770, 14, 16, 28, 53, 878, 27]"
969,"[27, 9648, 53]"
970,"[53, 27]"
971,"[27, 35]"
972,"[12, 27, 878]"
973,"[28, 27, 53]"
974,"[53, 27, 878]"
975,"[27, 53, 9648]"
976,"[14, 27]"
977,"[28, 12, 14, 27]"
978,"[28, 35, 27]"
979,"[878, 27]"
980,"[27, 53, 878]"
981,"[35, 878, 27, 53]"
982,"[27, 53, 9648]"
983,"[27, 53, 18]"
984,"[28, 14, 27]"
985,"[27, 53]"
986,[27]
987,[27]
988,"[18, 27, 53, 10770]"
989,"[27, 53]"
990,"[10402, 18]"
991,"[18, 80, 10402]"
992,"[53, 28, 18, 10402, 10749]"
993,"[16, 878, 12, 14, 10402]"
994,"[18, 10402, 10749]"
995,"[18, 10402, 10749]"
996,"[10402, 35, 28, 80]"
997,"[18, 10751, 10402, 10749]"
998,"[18, 10749, 35, 10402]"
999,"[18, 35, 10402]"
1000,"[35, 10402, 10749]"
1001,"[18, 10751, 10749, 10402]"
1002,"[18, 10402]"
1003,"[35, 10402, 10749]"
1004,"[10402, 18]"
1005,"[10749, 18, 10402]"
1006,"[18, 10751, 16, 12, 10402]"
1007,"[10402, 18, 10749]"
1008,"[10751, 35, 18, 10402, 10770]"
1009,"[10402, 18]"
1010,"[18, 10402]"
1011,"[10751, 12, 35, 10402, 14, 10770]"
1012,"[18, 37, 10402, 10749]"
1013,"[35, 10402, 10749]"
1014,"[18, 35, 10402]"
1015,"[18, 10402]"
1016,"[35, 10402, 10749]"
1017,"[35, 10402, 10749]"
1018,"[99, 10402]"
1019,[10402]
1020,"[99, 10402]"
1021,"[35, 18, 10402]"
1022,"[35, 99, 10402]"
1023,"[10402, 10749]"
1024,"[99, 10402]"
1025,"[10402, 18, 80]"
1026,"[18, 10402, 10749]"
1027,"[18, 36, 10402]"
1028,"[16, 10751, 10402, 35]"
1029,"[10749, 18, 35, 10402]"
1030,"[99, 10402]"
1031,"[18, 36, 10402, 10749]"
1032,"[35, 18, 10402]"
1033,"[18, 10402]"
1034,"[35, 10402, 18]"
1035,"[10402, 18, 10770]"
1036,"[18, 10749, 10402]"
1037,"[14, 10402, 10749]"
1038,"[16, 35, 10402]"
1039,"[99, 10402]"
1040,"[35, 10402]"
1041,"[99, 10402]"
1042,"[10402, 18]"
1043,"[10749, 14, 18, 10402]"
1044,"[10402, 99]"
1045,"[18, 12, 10402]"
1046,"[18, 10402]"
1047,"[35, 10402]"
1048,"[35, 10402]"
1049,"[99, 10402]"
1050,"[10402, 99, 10770]"
1051,"[99, 10402]"
1052,"[18, 10402, 10749]"
1053,"[18, 10402]"
1054,"[99, 10402]"
1055,"[14, 10402, 10749]"
1056,"[18, 10402, 10749]"
1057,"[28, 99, 10402]"
1058,"[14, 35, 10402, 10749, 10770]"
1059,[10402]
1060,[10402]
1061,"[10749, 35, 10402]"
1062,"[18, 10402, 10749]"
1063,[10402]
1064,"[18, 10751, 10402]"
1065,"[99, 10402]"
1066,"[99, 10402]"
1067,[10402]
1068,"[10749, 35, 10402]"
1069,"[99, 10402]"
1070,"[99, 10402]"
1071,"[35, 10402, 10749]"
1072,"[35, 18, 10402]"
1073,"[18, 10402]"
1074,"[18, 10402]"
1075,"[10402, 18]"
1076,"[35, 10402, 10749]"
1077,[10402]
1078,"[35, 10402, 10749]"
1079,"[99, 10402]"
1080,"[18, 10402]"
1081,[10402]
1082,"[99, 10402]"
1083,"[10402, 99]"
1084,"[99, 10402]"
1085,[10402]
1086,"[99, 10402]"
1087,[10402]
1088,"[14, 35, 10402, 10749]"
1089,[10402]
1090,"[9648, 12, 35]"
1091,"[27, 9648, 878]"
1092,"[9648, 14, 12, 35]"
1093,"[12, 28, 53, 9648]"
1094,"[18, 9648, 53]"
1095,[9648]
1096,"[53, 9648]"
1097,"[27, 18, 9648, 53]"
1098,"[53, 9648]"
1099,"[9648, 53, 80]"
1100,"[28, 14, 9648, 80]"
1101,"[18, 53, 9648, 28]"
1102,"[18, 53, 80, 9648]"
1103,"[9648, 53]"
1104,"[16, 35, 10751, 9648]"
1105,"[53, 878, 9648]"
1106,"[53, 14, 35, 10751, 9648]"
1107,"[53, 878, 9648, 10749]"
1108,"[18, 53, 9648]"
1109,"[28, 18, 9648]"
1110,"[18, 878, 9648]"
1111,"[18, 53, 9648]"
1112,"[9648, 10749, 53]"
1113,"[18, 14, 27, 9648, 10749, 53]"
1114,"[18, 28, 53, 80, 9648]"
1115,"[10751, 12, 16, 35, 14, 9648]"
1116,"[16, 35, 9648, 10751, 14]"
1117,"[28, 12, 9648, 878, 53]"
1118,"[9648, 53]"
1119,"[27, 18, 53, 9648]"
1120,"[53, 18, 27, 9648, 878]"
1121,"[9648, 878, 53]"
1122,"[27, 53, 9648]"
1123,"[18, 9648, 80]"
1124,"[878, 18, 9648]"
1125,"[27, 53, 9648]"
1126,"[16, 9648]"
1127,"[80, 18, 9648, 53]"
1128,"[10749, 28, 12, 80, 9648]"
1129,"[28, 18, 9648, 53, 80]"
1130,"[80, 9648, 53]"
1131,"[18, 53, 9648]"
1132,"[80, 18, 9648]"
1133,"[18, 9648, 53]"
1134,"[28, 35, 53, 80, 9648]"
1135,"[80, 18, 53, 9648]"
1136,"[53, 18, 9648, 80]"
1137,"[9648, 53]"
1138,"[18, 53, 80, 36, 9648]"
1139,"[27, 53, 9648]"
1140,"[18, 9648, 10749, 53]"
1141,"[35, 9648, 10749, 53]"
1142,"[80, 18, 9648]"
1143,"[80, 18, 9648]"
1144,"[9648, 28, 18, 53, 80]"
1145,"[53, 18, 9648]"
1146,"[53, 9648, 878, 18]"
1147,"[80, 18, 9648, 10749, 53]"
1148,"[18, 9648, 878, 53]"
1149,"[9648, 18, 10749]"
1150,"[35, 80, 9648]"
1151,"[80, 18, 9648, 53]"
1152,"[18, 9648, 53]"
1153,"[27, 53, 9648]"
1154,"[9648, 53, 27]"
1155,"[80, 18, 53, 9648]"
1156,"[18, 9648, 53]"
1157,"[9648, 27, 53]"
1158,"[80, 18, 9648]"
1159,"[18, 14, 36, 9648]"
1160,"[27, 53, 9648]"
1161,"[9648, 28, 53, 878, 12]"
1162,"[27, 9648]"
1163,"[18, 27, 9648]"
1164,"[18, 9648, 53, 80]"
1165,"[9648, 35, 53]"
1166,"[9648, 27, 53]"
1167,"[80, 53, 27, 35, 9648, 14]"
1168,"[12, 35, 80, 9648, 10749, 53]"
1169,"[18, 53, 9648]"
1170,"[9648, 18, 53]"
1171,"[27, 9648, 53]"
1172,"[80, 18, 9648]"
1173,"[27, 9648, 18]"
1174,"[27, 9648]"
1175,"[18, 9648]"
1176,"[28, 80, 18, 9648, 53]"
1177,"[35, 80, 18, 9648, 53]"
1178,"[35, 10749]"
1179,"[35, 10749]"
1180,"[18, 10749]"
1181,"[35, 10751, 10749]"
1182,"[10749, 27]"
1183,"[10749, 35]"
1184,"[35, 10751, 10749, 14]"
1185,"[35, 10749]"
1186,"[10749, 18]"
1187,"[18, 36, 10749]"
1188,"[35, 18, 10751, 10749]"
1189,"[35, 18, 10749]"
1190,"[35, 10749]"
1191,"[18, 36, 10749]"
1192,"[18, 10749]"
1193,"[35, 18, 10749, 14]"
1194,"[35, 10749]"
1195,"[35, 10749]"
1196,"[35, 18, 10749]"
1197,"[35, 10749, 18]"
1198,"[35, 18, 10749]"
1199,"[18, 10749]"
1200,"[18, 10749]"
1201,"[10749, 16, 18]"
1202,"[28, 53, 80, 10749]"
1203,"[35, 10749]"
1204,"[14, 35, 10749]"
1205,"[28, 12, 18, 10749]"
1206,"[35, 10402, 10749]"
1207,"[35, 10749]"
1208,"[10752, 18, 10749]"
1209,"[12, 28, 10749, 18]"
1210,"[18, 10749]"
1211,"[35, 10402, 10749]"
1212,"[10402, 18, 10749, 10751]"
1213,"[35, 18, 10749]"
1214,"[12, 18, 28, 10749]"
1215,"[18, 10749]"
1216,"[18, 10749]"
1217,"[18, 10749]"
1218,"[35, 10749]"
1219,"[10749, 35]"
1220,"[18, 10749]"
1221,"[10749, 35]"
1222,"[35, 10749, 80]"
1223,"[80, 10749]"
1224,"[35, 18, 14, 10749]"
1225,"[18, 10749, 10752]"
1226,"[18, 27, 10749]"
1227,"[35, 18, 10749]"
1228,"[35, 10749]"
1229,"[18, 10749]"
1230,"[12, 18, 36, 10749]"
1231,"[35, 18, 10749]"
1232,"[10749, 18]"
1233,"[14, 18, 10749]"
1234,"[35, 10749, 878]"
1235,"[12, 35, 10749]"
1236,"[35, 10749]"
1237,"[35, 10749]"
1238,"[80, 18, 9648, 10749, 53]"
1239,"[18, 10749]"
1240,"[35, 18, 10749]"
1241,"[35, 10749, 18]"
1242,"[18, 35, 10749]"
1243,"[35, 10749]"
1244,"[35, 18, 10749]"
1245,"[35, 18, 10749]"
1246,"[10749, 18]"
1247,"[9648, 18, 10749, 53]"
1248,"[37, 18, 28, 10749]"
1249,"[10749, 35]"
1250,"[35, 10749]"
1251,"[10749, 80, 35, 18]"
1252,"[18, 12, 10749, 53]"
1253,"[80, 35, 10749]"
1254,"[9648, 18, 10749]"
1255,"[18, 9648, 10749]"
1256,"[10749, 35, 18]"
1257,"[10749, 53, 18]"
1258,"[18, 10749]"
1259,"[35, 10751, 10402, 10749]"
1260,"[35, 10749, 18, 10751]"
1261,"[35, 10749]"
1262,"[53, 12, 14, 878, 10749]"
1263,"[35, 10749]"
1264,"[18, 10749, 36]"
1265,"[18, 35, 10749]"
1266,"[10749, 35]"
1267,"[18, 10749]"
1268,"[18, 10749]"
1269,"[12, 10749, 18]"
1270,"[18, 10749]"
1271,"[80, 18, 10749, 53]"
1272,"[28, 16, 878]"
1273,"[28, 16, 878]"
1274,"[28, 16, 878]"
1275,"[28, 16, 878]"
1276,"[28, 16, 878]"
1277,"[28, 16, 878]"
1278,"[28, 878]"
1279,"[27, 53, 878]"
1280,"[878, 28, 12, 53]"
1281,"[28, 12, 35, 878]"
1282,"[28, 12, 35, 878]"
1283,"[878, 28, 14]"
1284,"[28, 53, 878]"
1285,"[16, 878, 28]"
1286,"[878, 28, 53]"
1287,"[12, 28, 878]"
1288,"[27, 878]"
1289,"[12, 28, 53, 878]"
1290,"[28, 53, 878]"
1291,"[28, 53, 878]"
1292,"[10751, 16, 35, 878]"
1293,"[12, 28, 53, 878]"
1294,"[878, 27, 28]"
1295,"[28, 12, 878]"
1296,"[28, 80, 878, 53]"
1297,"[53, 878, 28, 12]"
1298,"[16, 28, 878]"
1299,"[12, 28, 878]"
1300,"[878, 18]"
1301,"[878, 12, 9648]"
1302,"[18, 878, 16, 28]"
1303,"[28, 18, 878]"
1304,"[18, 878, 12]"
1305,"[27, 28, 878]"
1306,"[12, 28, 878]"
1307,"[53, 28, 878, 80]"
1308,"[12, 28, 53, 878]"
1309,"[878, 53, 9648]"
1310,"[28, 14, 878]"
1311,"[878, 28, 27]"
1312,"[28, 12, 53, 878]"
1313,"[18, 53, 878, 9648]"
1314,"[28, 878, 53]"
1315,"[878, 28, 12]"
1316,"[12, 28, 878]"
1317,"[28, 53, 878, 9648]"
1318,"[18, 878, 16]"
1319,"[878, 12, 28]"
1320,"[878, 35, 80]"
1321,"[9648, 878, 53]"
1322,"[878, 28, 12, 53]"
1323,"[28, 878, 53]"
1324,"[28, 12, 35, 878, 37]"
1325,"[28, 12, 878]"
1326,"[878, 28, 12]"
1327,"[28, 35, 27, 878, 53]"
1328,"[27, 878, 9648]"
1329,"[12, 28, 14, 878, 53, 10749, 16]"
1330,"[878, 28]"
1331,"[16, 878]"
1332,"[10751, 28, 12, 16, 35, 878]"
1333,"[878, 28]"
1334,"[12, 28, 53, 878]"
1335,"[878, 28, 12, 53]"
1336,"[12, 35, 10751, 878]"
1337,"[27, 9648, 878]"
1338,"[28, 16, 878]"
1339,"[10749, 878, 14, 53]"
1340,"[35, 80, 878]"
1341,"[878, 18]"
1342,"[28, 18, 878, 53]"
1343,"[27, 35, 28, 878, 53]"
1344,"[53, 28, 35, 878]"
1345,"[12, 14, 16, 878, 10751]"
1346,"[28, 12, 14, 27, 878, 53]"
1347,"[16, 28, 878, 10751, 12]"
1348,"[14, 27, 53, 878]"
1349,"[28, 35, 878]"
1350,"[28, 12, 80, 878, 53]"
1351,"[35, 878, 28, 12]"
1352,"[878, 53]"
1353,"[28, 878, 53]"
1354,"[878, 10751, 35, 16]"
1355,"[28, 12, 878, 53]"
1356,"[35, 10749, 878]"
1357,"[99, 10770]"
1358,"[18, 14, 10770, 10751]"
1359,"[36, 18, 10752, 10770]"
1360,"[12, 10751, 14, 10770]"
1361,"[10752, 36, 18, 10770]"
1362,"[10770, 10751]"
1363,"[10770, 10751, 35, 18, 10749]"
1364,"[12, 10751, 14, 10770, 27]"
1365,"[18, 10770]"
1366,"[12, 14, 878, 10770]"
1367,"[878, 28, 16, 14, 10770]"
1368,"[16, 35, 10770]"
1369,"[53, 35, 10751, 27, 10770]"
1370,"[12, 14, 10770]"
1371,"[10770, 18, 36]"
1372,"[18, 53, 10770]"
1373,"[18, 36, 10752, 10770]"
1374,"[10751, 10770]"
1375,"[12, 10770]"
1376,"[10770, 18, 10751, 878, 14]"
1377,"[18, 10770]"
1378,"[80, 18, 53, 10770]"
1379,"[10751, 10770, 12, 35, 878]"
1380,"[12, 14, 35, 878, 10751, 10770]"
1381,"[10751, 10770, 35, 12]"
1382,"[99, 10770]"
1383,"[18, 36, 10770]"
1384,"[10770, 10751, 18]"
1385,"[16, 10770, 28, 35]"
1386,"[10770, 28, 9648]"
1387,"[18, 10770]"
1388,"[10402, 10770, 99]"
1389,"[18, 10402, 10749, 10770]"
1390,"[10770, 53, 18, 36, 10749]"
1391,"[10751, 14, 18, 10770]"
1392,"[10770, 35]"
1393,"[10770, 28, 12]"
1394,"[35, 10751, 10770]"
1395,"[27, 53, 10770]"
1396,"[18, 27, 10770]"
1397,"[18, 10749, 10770]"
1398,"[10770, 10751, 18, 35]"
1399,"[10770, 10751, 35]"
1400,"[10770, 18, 36, 10752]"
1401,"[878, 27, 10770]"
1402,"[27, 10770]"
1403,[10770]
1404,"[10770, 9648]"
1405,"[35, 10751, 10770]"
1406,"[10752, 18, 10770]"
1407,"[16, 10770, 28, 35]"
1408,"[36, 18, 10770]"
1409,"[12, 16, 35, 10770]"
1410,"[18, 10751, 10749, 10770]"
1411,"[18, 35, 10770]"
1412,"[18, 10751, 35, 10770]"
1413,"[18, 10749, 53, 37, 28, 10770]"
1414,"[878, 53, 10770]"
1415,"[10770, 18, 36]"
1416,"[10770, 35]"
1417,"[18, 10770]"
1418,"[80, 53, 9648, 10770]"
1419,"[28, 18, 10770]"
1420,"[18, 10749, 10770]"
1421,"[53, 10770, 18, 14]"
1422,"[18, 10770]"
1423,"[14, 28, 12, 878, 10770]"
1424,"[10751, 12, 10770]"
1425,"[878, 10770]"
1426,"[10751, 10770]"
1427,"[18, 10751, 9648, 37, 10770]"
1428,"[35, 10770]"
1429,"[18, 10770]"
1430,"[18, 10751, 10770]"
1431,"[18, 10770]"
1432,"[18, 10770]"
1433,"[18, 10770]"
1434,"[12, 18, 10770]"
1435,"[10770, 28, 80, 9648]"
1436,"[878, 53, 10770]"
1437,"[28, 18, 10770]"
1438,"[10770, 18]"
1439,"[80, 18, 9648, 10770]"
1440,"[53, 10770]"
1441,"[14, 35, 878, 10751, 10770]"
1442,"[18, 53, 36, 10770, 80]"
1443,"[18, 10770]"
1444,"[12, 18, 10752, 10770]"
1445,[10770]
1446,"[80, 18, 10770]"
1447,"[35, 18, 10770]"
1448,"[10770, 18]"
1449,"[16, 35, 12, 9648, 10770]"
1450,"[18, 10402, 10749, 10770]"
1451,"[18, 10770]"
1452,"[18, 10770]"
1453,"[16, 10751, 10770]"
1454,"[18, 27, 53, 10770]"
1455,"[10770, 27, 878, 53]"
1456,"[53, 10770]"
1457,"[53, 18, 80, 27]"
1458,"[12, 28, 53]"
1459,"[18, 14, 53, 9648, 27]"
1460,"[9648, 53, 18]"
1461,"[18, 53, 9648]"
1462,"[12, 28, 53]"
1463,"[12, 28, 53]"
1464,"[28, 80, 53]"
1465,"[12, 28, 53]"
1466,"[27, 53]"
1467,"[27, 53]"
1468,"[80, 18, 53]"
1469,"[27, 53]"
1470,"[12, 28, 53]"
1471,"[28, 12, 35, 80, 53]"
1472,"[28, 53]"
1473,"[28, 12, 53]"
1474,"[53, 18, 9648]"
1475,"[18, 9648, 53, 80]"
1476,"[9648, 53, 27]"
1477,"[12, 28, 53]"
1478,"[9648, 53]"
1479,"[28, 12, 35, 80, 53]"
1480,"[28, 12, 53]"
1481,"[28, 12, 53]"
1482,"[18, 53]"
1483,"[27, 53]"
1484,"[27, 9648, 53]"
1485,"[28, 878, 53]"
1486,"[12, 28, 53]"
1487,"[18, 53, 9648]"
1488,"[28, 18, 9648, 53]"
1489,"[12, 28, 53]"
1490,"[28, 12, 18, 53]"
1491,"[28, 53, 12]"
1492,"[53, 878, 9648]"
1493,"[80, 28, 27, 53]"
1494,"[53, 27]"
1495,"[28, 53, 80]"
1496,"[16, 53]"
1497,"[53, 28, 35, 80, 18]"
1498,"[9648, 53]"
1499,"[80, 53, 10749, 18]"
1500,"[18, 28, 53, 80]"
1501,"[28, 12, 53]"
1502,"[53, 18, 80]"
1503,"[18, 53, 28]"
1504,"[12, 28, 53]"
1505,"[53, 80, 9648]"
1506,"[10752, 18, 28, 53]"
1507,"[18, 9648, 53]"
1508,"[28, 12, 53]"
1509,"[12, 28, 53]"
1510,"[28, 12, 80, 53]"
1511,"[18, 28, 53, 80]"
1512,"[27, 53]"
1513,"[18, 80, 9648, 53]"
1514,"[53, 80, 18]"
1515,"[80, 18, 10749, 53]"
1516,"[878, 53]"
1517,"[27, 9648, 53]"
1518,"[18, 27, 9648, 53]"
1519,"[18, 53]"
1520,[53]
1521,"[27, 53]"
1522,"[80, 28, 9648, 53]"
1523,"[53, 80, 9648]"
1524,"[27, 28, 53]"
1525,"[27, 53]"
1526,"[9648, 53]"
1527,"[28, 18, 53]"
1528,"[18, 53]"
1529,"[28, 18, 53, 80]"
1530,"[28, 53, 80, 14, 9648]"
1531,"[80, 18, 53]"
1532,"[18, 28, 53, 80]"
1533,"[28, 12, 18, 10749, 53]"
1534,"[16, 878, 53, 18]"
1535,"[12, 18, 28, 36, 10752]"
1536,"[18, 35, 10752]"
1537,"[18, 36, 10752]"
1538,"[18, 36, 10752]"
1539,"[10752, 28]"
1540,"[28, 35, 10752]"
1541,"[878, 12, 28, 10752]"
1542,"[28, 35, 10752]"
1543,"[18, 53, 9648, 10752]"
1544,"[35, 18, 10752]"
1545,"[18, 10752, 10749, 37]"
1546,"[10752, 18]"
1547,"[18, 35, 10752]"
1548,"[36, 18, 10752]"
1549,"[35, 18, 10402, 10749, 10752]"
1550,"[10752, 28, 53]"
1551,"[10752, 18]"
1552,"[10752, 18]"
1553,[10752]
1554,"[28, 80, 9648, 53, 10752]"
1555,"[18, 36, 10752]"
1556,"[18, 10752]"
1557,"[18, 53, 10752]"
1558,"[28, 12, 10752, 10770]"
1559,"[28, 12, 18, 10752, 10770]"
1560,"[18, 10752, 9648]"
1561,"[18, 10752]"
1562,"[18, 10752]"
1563,"[10752, 18, 10749]"
1564,"[18, 10749, 10752]"
1565,"[28, 12, 18, 10752, 10770]"
1566,"[36, 10752, 28, 18]"
1567,"[10770, 18, 10752]"
1568,"[28, 12, 18, 10752, 10770]"
1569,"[10752, 18]"
1570,"[28, 12, 18, 10752, 10770]"
1571,"[10752, 12, 28, 80]"
1572,"[10752, 35, 18]"
1573,"[18, 14, 10752]"
1574,"[10752, 28, 10770]"
1575,"[18, 10752]"
1576,"[28, 10752]"
1577,"[18, 10752]"
1578,"[99, 10752]"
1579,"[16, 10752, 36]"
1580,"[99, 36, 10752]"
1581,"[28, 18, 36, 10752]"
1582,"[53, 10752]"
1583,"[99, 10752]"
1584,"[10752, 36]"
1585,"[18, 36, 10749, 10752]"
1586,"[10749, 18, 10752]"
1587,"[10752, 18]"
1588,"[18, 10749, 10752]"
1589,"[99, 36, 10752]"
1590,"[99, 10752, 36]"
1591,[10752]
1592,"[99, 10752, 36]"
1593,"[18, 10752]"
1594,"[99, 10752]"
1595,"[18, 10752, 10749]"
1596,"[18, 10752]"
1597,"[10752, 18]"
1598,"[10752, 99, 36]"
1599,"[18, 10752, 10749]"
1600,"[99, 10752]"
1601,"[18, 10752]"
1602,"[99, 10752]"
1603,"[18, 10752]"
1604,[37]
1605,"[37, 80, 28, 12, 18]"
1606,"[37, 28, 53]"
1607,"[37, 35]"
1608,"[18, 14, 37]"
1609,"[12, 35, 37]"
1610,"[18, 10749, 37]"
1611,"[18, 28, 37, 10749]"
1612,[37]
1613,[37]
1614,"[37, 10749]"
1615,"[28, 18, 37, 10749]"
1616,"[36, 18, 37]"
1617,"[35, 37, 28]"
1618,"[18, 37, 12, 10751]"
1619,"[18, 14, 37, 10770]"
1620,"[18, 10749, 37, 35]"
1621,"[12, 37, 10770]"
1622,"[80, 37, 10770]"
1623,"[28, 37]"
1624,"[37, 12]"
1625,"[37, 10770]"
